{"cameraMode":{"drawMode":0,"name":"Shaded","section":"Shading Mode"},"sceneLighting":false,"audioPlay":false,"sceneViewState":{"showFog":true,"showMaterialUpdate":false,"showSkybox":false,"showFlares":true,"showImageEffects":true,"showParticleSystems":true},"in2DMode":false,"pivot":{"x":1.5304174423217774,"y":-2.0534133911132814,"z":188.7559356689453},"rotation":{"x":0.4490520656108856,"y":0.19185666739940644,"z":-0.09950022399425507,"w":0.8670495748519898},"size":18.02754783630371,"orthographic":false}