{"cameraMode":{"drawMode":0,"name":"Shaded","section":"Shading Mode"},"sceneLighting":false,"audioPlay":false,"sceneViewState":{"showFog":true,"showMaterialUpdate":false,"showSkybox":false,"showFlares":true,"showImageEffects":true,"showParticleSystems":true},"in2DMode":false,"pivot":{"x":-51.102046966552737,"y":-16.007036209106447,"z":-26.333717346191408},"rotation":{"x":-0.010433485731482506,"y":0.9296514391899109,"z":-0.36817994713783266,"w":-0.02245774120092392},"size":27.529888153076173,"orthographic":false}