{"cameraMode":{"drawMode":0,"name":"Shaded","section":"Shading Mode"},"sceneLighting":true,"audioPlay":false,"sceneViewState":{"showFog":true,"showMaterialUpdate":false,"showSkybox":false,"showFlares":true,"showImageEffects":true,"showParticleSystems":true},"in2DMode":false,"pivot":{"x":3.5643584728240969,"y":-39.2625732421875,"z":34.608638763427737},"rotation":{"x":0.36284974217414858,"y":0.019563792273402215,"z":-0.007628332823514938,"w":0.9316420555114746},"size":36.852027893066409,"orthographic":false}