{"cameraMode":{"drawMode":0,"name":"Shaded","section":"Shading Mode"},"sceneLighting":true,"audioPlay":false,"sceneViewState":{"showFog":true,"showMaterialUpdate":false,"showSkybox":true,"showFlares":true,"showImageEffects":true,"showParticleSystems":true},"in2DMode":false,"pivot":{"x":0.2681846022605896,"y":1.3182289600372315,"z":0.06385975331068039},"rotation":{"x":0.004715988412499428,"y":-0.7040194272994995,"z":0.004658936522901058,"w":0.7105584144592285},"size":1.5000003576278687,"orthographic":false}