{"cameraMode":{"drawMode":0,"name":"Shaded","section":"Shading Mode"},"sceneLighting":false,"audioPlay":false,"sceneViewState":{"showFog":true,"showMaterialUpdate":false,"showSkybox":false,"showFlares":true,"showImageEffects":true,"showParticleSystems":true},"in2DMode":false,"pivot":{"x":-37.413719177246097,"y":-22.616455078125,"z":-31.419179916381837},"rotation":{"x":0.05158882960677147,"y":0.9468529224395752,"z":-0.2386751025915146,"w":0.21037223935127259},"size":27.529888153076173,"orthographic":false}