{"cameraMode":{"drawMode":0,"name":"Shaded","section":"Shading Mode"},"sceneLighting":false,"audioPlay":false,"sceneViewState":{"showFog":true,"showMaterialUpdate":false,"showSkybox":false,"showFlares":true,"showImageEffects":true,"showParticleSystems":true},"in2DMode":false,"pivot":{"x":-1.1356112957000733,"y":2.3793818950653078,"z":-0.7275137305259705},"rotation":{"x":-0.13789941370487214,"y":-0.3228406608104706,"z":0.04758905619382858,"w":-0.9351728558540344},"size":2.67950177192688,"orthographic":false}