{"cameraMode":{"drawMode":0,"name":"Shaded","section":"Shading Mode"},"sceneLighting":false,"audioPlay":false,"sceneViewState":{"showFog":true,"showMaterialUpdate":false,"showSkybox":false,"showFlares":true,"showImageEffects":true,"showParticleSystems":true},"in2DMode":false,"pivot":{"x":-0.001821756362915039,"y":0.5079508423805237,"z":-0.020272374153137208},"rotation":{"x":-0.2248750627040863,"y":0.004972511436790228,"z":-0.0011191957164555789,"w":-0.9744082689285278},"size":0.8571832180023193,"orthographic":false}