{"cameraMode":{"drawMode":0,"name":"Shaded","section":"Shading Mode"},"sceneLighting":true,"audioPlay":false,"sceneViewState":{"showFog":true,"showMaterialUpdate":false,"showSkybox":false,"showFlares":true,"showImageEffects":true,"showParticleSystems":true},"in2DMode":false,"pivot":{"x":1.7076770067214966,"y":1.8280004262924195,"z":-8.684850692749024},"rotation":{"x":0.17334891855716706,"y":-0.8253719806671143,"z":0.350519061088562,"w":0.4075145125389099},"size":6.362607002258301,"orthographic":false}