{"cameraMode":{"drawMode":0,"name":"Shaded","section":"Shading Mode"},"sceneLighting":false,"audioPlay":false,"sceneViewState":{"showFog":true,"showMaterialUpdate":false,"showSkybox":false,"showFlares":true,"showImageEffects":true,"showParticleSystems":true},"in2DMode":false,"pivot":{"x":-1.9944884777069092,"y":-1.54339599609375,"z":201.25485229492188},"rotation":{"x":0.3486073613166809,"y":0.03964593634009361,"z":-0.014771168120205403,"w":0.9363697171211243},"size":22.925640106201173,"orthographic":false}