{"cameraMode":{"drawMode":0,"name":"Shaded","section":"Shading Mode"},"sceneLighting":false,"audioPlay":false,"sceneViewState":{"showFog":true,"showMaterialUpdate":false,"showSkybox":false,"showFlares":true,"showImageEffects":true,"showParticleSystems":true},"in2DMode":false,"pivot":{"x":6.38273286819458,"y":-2.0195140838623049,"z":213.46102905273438},"rotation":{"x":0.28364434838294985,"y":0.16186286509037019,"z":-0.04865461587905884,"w":0.94398033618927},"size":27.561824798583986,"orthographic":false}