{"cameraMode":{"drawMode":0,"name":"Shaded","section":"Shading Mode"},"sceneLighting":false,"audioPlay":false,"sceneViewState":{"showFog":true,"showMaterialUpdate":false,"showSkybox":false,"showFlares":true,"showImageEffects":true,"showParticleSystems":true},"in2DMode":false,"pivot":{"x":-55.639610290527347,"y":-24.45099449157715,"z":22.985328674316408},"rotation":{"x":-0.3516773581504822,"y":0.015709366649389268,"z":-0.005887332838028669,"w":-0.9360188245773315},"size":29.63975715637207,"orthographic":false}