{"cameraMode":{"drawMode":0,"name":"Shaded","section":"Shading Mode"},"sceneLighting":false,"audioPlay":false,"sceneViewState":{"showFog":true,"showMaterialUpdate":false,"showSkybox":false,"showFlares":true,"showImageEffects":true,"showParticleSystems":true},"in2DMode":false,"pivot":{"x":-33.105186462402347,"y":-28.757116317749025,"z":-58.229522705078128},"rotation":{"x":0.024952620267868043,"y":0.9710044264793396,"z":-0.2031884342432022,"w":0.12518005073070527},"size":45.75840377807617,"orthographic":false}