{"cameraMode":{"drawMode":0,"name":"Shaded","section":"Shading Mode"},"sceneLighting":true,"audioPlay":false,"sceneViewState":{"showFog":true,"showMaterialUpdate":false,"showSkybox":false,"showFlares":true,"showImageEffects":true,"showParticleSystems":true},"in2DMode":false,"pivot":{"x":0.40134355425834658,"y":-1.4220247268676758,"z":-23.595151901245118},"rotation":{"x":0.0018255339236930013,"y":-0.9944478273391724,"z":0.10419677197933197,"w":0.017330994829535486},"size":22.26266860961914,"orthographic":false}