{"cameraMode":{"drawMode":0,"name":"Shaded","section":"Shading Mode"},"sceneLighting":false,"audioPlay":false,"sceneViewState":{"showFog":true,"showMaterialUpdate":false,"showSkybox":false,"showFlares":true,"showImageEffects":true,"showParticleSystems":true},"in2DMode":false,"pivot":{"x":1.1920928955078126e-7,"y":0.0,"z":-2.9802322387695315e-8},"rotation":{"x":0.004000228829681873,"y":0.24592836201190949,"z":-0.001381331356242299,"w":0.969415545463562},"size":1.4545652866363526,"orthographic":false}