{"cameraMode":{"drawMode":0,"name":"Shaded","section":"Shading Mode"},"sceneLighting":true,"audioPlay":false,"sceneViewState":{"showFog":true,"showMaterialUpdate":false,"showSkybox":false,"showFlares":true,"showImageEffects":true,"showParticleSystems":true},"in2DMode":false,"pivot":{"x":-3.3754682540893556,"y":1.0473237037658692,"z":-19.11697006225586},"rotation":{"x":0.01801532506942749,"y":-0.9810766577720642,"z":0.11322306096553803,"w":0.15610603988170625},"size":14.640207290649414,"orthographic":false}